<?xml version="1.0" encoding="UTF-8" ?>
<champignons type="champignon_de_paris">
    <recette >
        <nomRecette>Velouté de champignons</nomRecette>
        <durée_recette>50 min</durée_recette>
        <nombre_de_personnes>3 </nombre_de_personnes>
        <photo_recette >
            <lien>velouté de champignon.jpg</lien>
        </photo_recette>
        <ingredients>
            <ingredient>
            - 3 cuillere à soupe de beurre
            </ingredient>
            <ingredient>
            -1 oignon
            </ingredient>
            <ingredient>
            -250g de champignons
            </ingredient>
            <ingredient>
            -2 cuillères a soupe de farine
            </ingredient>
            <ingredient>
            -1/4 l de bouillon ou d'eau
            </ingredient>
            <ingredient>
            -1/2l de lait
            </ingredient>
            <ingredient>
            -1 citron
            </ingredient>
            <ingredient>
            -2 cuillères à soupe de crème fraiche
            </ingredient>
            <ingredient>
            -1 cuillère a soupe de persil haché
            </ingredient>
            <ingredient>
            -sel
            </ingredient>
            <ingredient>
            -poivre
            </ingredient>
        </ingredients>
        <preparationEtapes>
            <etape>
            -Faire fondre dans une casserole 3 cuillères à soupe de beurre.
            </etape>
            <etape>
            -Ajouter un petit oignon haché et les champignons de Paris coupés en tout petits morceaux.
            </etape>
            <etape>
            -Saler, poivrer, saupoudrer d’une cuillère à soupe de persil haché.
            </etape>
            <etape>
            -Remuer bien les champignons dans le beurre chaud. Couvrir et laisser cuire à feu doux 1/4 heure.
            </etape>
            <etape>
            -Ajouter alors 2 cuillères à soupe de farine en remuant sans cesse. Ajouter 1/4 litre de bouillon (ou d’eau) et 1/2 litre de lait.
            </etape>
            <etape>
            -Faire cuire à feu doux en remuant de temps en temps.
            </etape>
            <etape>
            -Lorsque le potage commence à bouillir, baisser le feu et laisser cuire à découvert encore 1/4 d’heure.
            </etape>
            <etape>
            -Quelques minutes avant de servir ajouter le jus d’un citron puis 2 cuillères à soupe de crème fraîche.
            </etape>

        </preparationEtapes>
    </recette>


    <recette >
        <nomRecette>Poulet à la licorne elsass & aux champignons</nomRecette>
        <durée_recette>1h20</durée_recette>
        <nombre_de_personnes>6 </nombre_de_personnes>
        <photo_recette >
            <lien>Poulet à la licorne elsass.jpg</lien>
        </photo_recette>
        <ingredients>
            <ingredient>
                - 6 escalopes de poulet
            </ingredient>
            <ingredient>
                -2 branches de thym
            </ingredient>
            <ingredient>
                -1 oignon
            </ingredient>
            <ingredient>
                -Huile d'olive
            </ingredient>
            <ingredient>
                -Sel
            </ingredient>
            <ingredient>
                -Poivre
            </ingredient>
            <ingredient>
                -50 cl de bouillon de volaille
            </ingredient>
            <ingredient>
                -200 g de crème épaisse
            </ingredient>
            <ingredient>
                -25 cl de bière Licorne Elsass
            </ingredient>
            <ingredient>
                -3 cuillères à café de moutarde de dijon
            </ingredient>
            <ingredient>
                -30 g de morilles séchées
            </ingredient>
            <ingredient>
                -30 g de beurre doux
            </ingredient>
            <ingredient>
                -200 g de pleurotes
            </ingredient>
            <ingredient>
                -200 g de champignons de Paris brun
            </ingredient>
            <ingredient>
                -3 cuillères à café de fécule de maïs
            </ingredient>
        </ingredients>
        <preparationEtapes>
            <etape>
                -Portez le bouillon de volaille à ébullition puis réhydratez-y les morilles hors du feu pendant 30 minutes.
            </etape>
            <etape>
                -Nettoyez les champignons frais et coupez-les en lamelles épaisses. Ciselez finement l'oignon et délayez la fécule dans un peu de bière.
            </etape>
            <etape>
                -Dans une sauteuse, faites fondre le beurre avec une cuillère à soupe d'huile d'olive et dorez les escalopes de poulet.
            </etape>
            <etape>
                -Lorsqu'elles sont cuites, retirez et réservez.
            </etape>
            <etape>
                -Ajoutez l'oignon dans la sauteuse et laissez cuire 1 minutes à feu vif.
            </etape>
            <etape>
                -Ajoutez les champignons frais et faites revenir toujours à feu vif jusqu'à ce qu'un maximum d'eau de végétation se soit évaporée.
            </etape>
            <etape>
                -Déglacez avec la bière et grattez bien le fond de la sauteuse. Laissez réduire 2 minutes à feu vif.
            </etape>
            <etape>
                -Ajoutez dans la sauteuse, le bouillon de volaille avec les morilles, la fécule délayée, la moutarde, la crème et les branches de thym. Salez et poivrez puis laissez réduire de moitié sur feu moyen.
            </etape>
            <etape>
                -Lorsque la sauce à réduit et épaissis, remettez les escalopes de poulet à réchauffer dans la sauce. Servez bien chaud accompagné de nouilles.
            </etape>

        </preparationEtapes>
    </recette>
</champignons>

<champignons type="trompette_de_la_mort">
<recette >
    <nomRecette>Terrine de sanglier aux trompettes de la mort</nomRecette>
    <durée_recette>3 h</durée_recette>
    <nombre_de_personnes>14 </nombre_de_personnes>
    <photo_recette >
        <lien>terrine de sanglier aux trompettes de la mort.jpg</lien>
    </photo_recette>
    <ingredients>
        <ingredient>
            - 1 kg de sanglier
        </ingredient>
        <ingredient>
            -800 g de porc
        </ingredient>
        <ingredient>
            -2 oeufs
        </ingredient>
        <ingredient>
            -13 g de sel
        </ingredient>
        <ingredient>
            -3 g de poivre
        </ingredient>
        <ingredient>
            -1 gousse d'ail hachée
        </ingredient>
        <ingredient>
            -4 genièvre
        </ingredient>
        <ingredient>
            -1 feuille de laurier
        </ingredient>
        <ingredient>
            -50 g d' olives noires hachées
        </ingredient>
        <ingredient>
            -100 g de trompettes de la mort
        </ingredient>
        <ingredient>
            -morceau de crépine de porc
        </ingredient>
        <ingredient>
            -1 sachet de gelée déshydratée
        </ingredient>
    </ingredients>
    <preparationEtapes>
        <etape>
            -Hacher les viandes et mélanger tous les ingrédients.
        </etape>
        <etape>
            -Montage de la terrine:
        </etape>
        <etape>
            -Garnir une terrine de barde en laissant dépasser pour pouvoir recouvrir la préparation.
        </etape>
        <etape>
            -Remplir la terrine, tasser légèrement et recouvrir avec la barde qui dépasse de la terrine.
        </etape>
        <etape>
            -Mettre au bain-marie, et enfourner à 160°C (thermostat 5-6) pendant 2 heures.
        </etape>
        <etape>
            -laisser refroidir la terrine à température ambiante
        </etape>
        <etape>
            -Placer la terrine 48h au frigo.
        </etape>
        <etape>
            -Mettre la préparation en bocal fermé et stériliser pendant 2h30.
        </etape>

    </preparationEtapes>
</recette>

<recette >
    <nomRecette>Poêlée de trompettes de la mort et persillade</nomRecette>
    <durée_recette>3 h</durée_recette>
    <nombre_de_personnes>14 </nombre_de_personnes>
    <photo_recette >
        <lien>Poêlée de trompettes de la mort et persillade.jpg</lien>
    </photo_recette>
    <ingredients>
        <ingredient>
            - 1 kg de champignon « trompettes de la mort »
        </ingredient>
        <ingredient>
            -Vinaigre
        </ingredient>
        <ingredient>
            -Eau
        </ingredient>
        <ingredient>
            -2 cuillères à soupe d' huile d'olive
        </ingredient>
        <ingredient>
            -1 gousse d'ail hachée
        </ingredient>
        <ingredient>
            -1/2 botte de persil haché
        </ingredient>
        <ingredient>
            -Poivre
        </ingredient>
        <ingredient>
            -Sel
        </ingredient>

    </ingredients>
    <preparationEtapes>
        <etape>
            -Nettoyer les trompettes de la mort en les plongeant dans plusieurs bains d'eau vinaigrée. Les rincer puis les égoutter et les essuyer avec du papier absorbant.
        </etape>
        <etape>
            -Faire ensuite revenir les champignons dans une sauteuse jusqu'à évaporation complète du jus de cuisson. Ajouter l'huile d'olive, le sel et le poivre puis bien mélanger le tout à l'aide d'une cuillère en bois.
        </etape>
        <etape>
            -Dans une petite poêle beurrée, faire revenir l'ail et le persil haché puis verser ce mélange sur les trompettes.
        </etape>

    </preparationEtapes>
</recette>
</champignons>

<champignons type="morille">
<recette >
    <nomRecette>Fondue au fromage aux morilles</nomRecette>
    <durée_recette>20 min</durée_recette>
    <nombre_de_personnes>4 </nombre_de_personnes>
    <photo_recette >
        <lien>fondue au fromage aux morilles.jpg</lien>
    </photo_recette>
    <ingredients>
        <ingredient>
            - 1 cuillère à soupe de beurre
        </ingredient>
        <ingredient>
            -2 échalotes , hachées menu
        </ingredient>
        <ingredient>
            -1 gousse d'ail , pressée
        </ingredient>
        <ingredient>
            -1/2 cuillère à soupe de thym , hachées menu
        </ingredient>
        <ingredient>
            -20 g de morilles séchées, mises à tremper, bien rincées, égouttées
        </ingredient>
        <ingredient>
            -800 g de Fromages
        </ingredient>
        <ingredient>
            -2 cuillères à soupe de maïzena
        </ingredient>
        <ingredient>
            -4 dl de vin blanc
        </ingredient>
        <ingredient>
            -1 cuillère à café de jus de citron
        <ingredient>
            -1 cuillère à soupe de cognac
        </ingredient>
        <ingredient>
            -Poivre du moulin
        </ingredient>
        <ingredient>
            -600 g de pains blanc avec beaucoup de croûte, coupé en dés d'environ 2,5 cm
        </ingredient>
    </ingredients>
    <preparationEtapes>
        <etape>
            -Faire fondre le beurre dans un caquelon à fondue, y faire suer les échalotes, l'ail et le thym. Ajouter les morilles en hachant les plus grosses, laisser les petites entières, étuver. Retirer le caquelon du feu et laisser refroidir.
        </etape>
        <etape>
            -Ajouter le mélange pour fondue. Délayer la Maïzena avec le vin et le jus de citron, ajouter au fromage et porter à ébulition sans cesser de remuer. Baisser le feu, laisser mijoter en remuant constamment jusqu'à ce que le fromage soit fondu, ajouter le Cognac et assaisonner.
        </etape>
        <etape>
            -Pour servir, poser le réchaud sur la table et y laisser mijoter la fondue dans son caquelon à petit feu. Chaque convive va tremper des dés de pain dans la préparation. Pour éviter que le fromage attache et devienne amer, bien remuer le mélange avec les dés de pain en raclant aussi le fond.
        </etape>

    </preparationEtapes>
</recette>

<recette >
    <nomRecette>Poularde aux morilles au jus de truffes</nomRecette>
    <durée_recette>1h45</durée_recette>
    <nombre_de_personnes>6 </nombre_de_personnes>
    <photo_recette >
        <lien>Poularde aux morilles au jus de truffes.jpg</lien>
    </photo_recette>
    <ingredients>
        <ingredient>
            - 1 poularde
        </ingredient>
        <ingredient>
            -1 pot de truffe
        </ingredient>
        <ingredient>
            -1 pot de morille déshydratées
        </ingredient>
        <ingredient>
            -Huile d'olive
        </ingredient>
        <ingredient>
            -Poivre
        </ingredient>
        <ingredient>
            -Sel
        </ingredient>
        <ingredient>
            -1/4 l de crème liquide
        </ingredient>
        <ingredient>
            -1/2 bouteille de vin blanc sec
        </ingredient>
        <ingredient>
            -1 verre d'eau
        </ingredient>
        <ingredient>
            -Farine ou autre liant
        </ingredient>
    </ingredients>
    <preparationEtapes>
        <etape>
            -Faire tremper pendant une heure et demie, les morilles à l'eau tiède, renouveler l'eau 2 à 3 fois et jeter à chaque fois l'eau brunâtre et inutilisable.
        </etape>
        <etape>
            -Découper la poularde en 8. Briser en morceaux, la carcasse et les ailerons et les faire vivement colorer à l'huile (ou graisse de poularde) dans un faitout. Après quelques minutes, verser le vin blanc. Diminuer à feu doux et faire cuire pendant 30 mn.
        </etape>
        <etape>
            -Verser le contenu du faitout dans un chinois, récupérer et réserver le fond de volaille, jeter les os. Faire colorer les morceaux de poularde, puis verser le fond de volaille et ajouter un petit verre d'eau pour obtenir assez de jus, salez et poivrez. Laisser cuire à petit feu pendant une heure, vérifier que tout mijote totalement puis retirer les morceaux et réservez-les au chaud.
        </etape>
        <etape>
            -Verser le jus de cuisson dans un récipient et dégraissez-le au maximum. Verser dans le faitout, la crème, les morilles égouttées et le jus de truffes. Faire réduire à gros bouillons en incorporant peu à peu le jus de cuisson dégraissé. Quand la quantité est jugée suffisante, faire une liaison (farine, Maïzena ou fécule de pommes de terre) pour épaissir la sauce, rectifier l'assaisonnement.
        </etape>
        <etape>
            -Dresser les morceaux de poularde dans un plat préalablement chauffé, napper de sauce et parsemer de persil haché. Accompagner le plat de tagliatelles.
        </etape>

    </preparationEtapes>
</recette>
</champignons>

<champignons type="cepe">
<recette >
    <nomRecette>Lasagnes aux cèpes</nomRecette>
    <durée_recette>50 min</durée_recette>
    <nombre_de_personnes>4 </nombre_de_personnes>
    <photo_recette >
        <lien>lasagnes aux cèpes.jpg</lien>
    </photo_recette>
    <ingredients>
        <ingredient>
            - 15 feuilles de lasagnes
        </ingredient>
        <ingredient>
            -50 cl de crème fraîche
        </ingredient>
        <ingredient>
            -300 g de cèpes
        </ingredient>
        <ingredient>
            -250 g de parmesan
        </ingredient>
        <ingredient>
            -3 échalotes
        </ingredient>
        <ingredient>
            -30 cl de vin blanc
        </ingredient>
        <ingredient>
            -20 g de beurre
        </ingredient>
        <ingredient>
            -Poivre
        </ingredient>
        <ingredient>
            -Sel
        </ingredient>

    </ingredients>
    <preparationEtapes>
        <etape>
            -Beurrer un plat à lasagnes/ou à gratin.
        </etape>
        <etape>
            -Faire revenir les cèpes et les échalotes ciselées dans une poêle avec un peu de beurre. Couper les cèpes en petits morceaux, si ce sont des cèpes entiers.
        </etape>
        <etape>
            -Ajouter le vin blanc petit à petit.
        </etape>
        <etape>
            -Faire réduire à feux doux, mais pas totalement.
        </etape>
        <etape>
            -Ajouter la crème fraîche, et environ 4 cuillères à soupe de parmesan. La sauce doit être assez liquide pour permettre aux lasagnes de bien s'imprégner par la suite.
        </etape>
        <etape>
            -Saler et poivrer.
        </etape>
        <etape>
            -Dans le plat, commencer par poser une couche de lasagnes, puis la sauce aux cèpes, puis une couche de parmesan. Continuer autant de fois que nécessaire. Terminer par une couche de parmesan.
        </etape>
        <etape>
            -Mettre dans un four préalablement préchauffé à 200°C (th 6-7). Faire cuire 15 à 20 min.
        </etape>

    </preparationEtapes>
</recette>
</champignons>